573	3	coinsurance	null	\N	\N	\N	144
574	3	copay	null	\N	\N	\N	144
575	3	deductible	null	\N	\N	\N	144
1	1	coinsurance	{"level": "individual", "comment": "OFFICE VISIT - PROFESSIONAL, 90% COVERAGE PAYMENT LEVEL OF ALLOWED AMOUNT FOR ALL PLACES OF TRTMNT.EXCLUDES CONDITION(S)  TMJ., INCLUDED PROVIDER TYPES - AJ,0J,0S", "network": true, "service": "98", "facility": null}	\N	0.10	\N	1
2	1	copay	null	\N	\N	\N	1
4	1	oop	{"level": "family", "comment": "OFFICE VISIT - PROFESSIONAL", "network": true, "service": "98", "facility": null}	7369.25	\N	9600.00	1
576	3	oop	null	\N	\N	\N	144
581	5	coinsurance	null	\N	\N	\N	146
582	5	copay	null	\N	\N	\N	146
583	5	deductible	null	\N	\N	\N	146
584	5	oop	null	\N	\N	\N	146
557	2	coinsurance	null	\N	\N	\N	140
558	2	copay	null	\N	\N	\N	140
559	2	deductible	null	\N	\N	\N	140
560	2	oop	null	\N	\N	\N	140
601	12	coinsurance	null	\N	\N	\N	152
602	12	copay	null	\N	\N	\N	152
603	12	deductible	null	\N	\N	\N	152
604	12	oop	null	\N	\N	\N	152
577	4	coinsurance	null	\N	\N	\N	145
578	4	copay	null	\N	\N	\N	145
579	4	deductible	null	\N	\N	\N	145
580	4	oop	null	\N	\N	\N	145
585	6	coinsurance	null	\N	\N	\N	147
586	6	copay	null	\N	\N	\N	147
587	6	deductible	null	\N	\N	\N	147
588	6	oop	null	\N	\N	\N	147
3	1	deductible	{"level": "family", "comment": "DAILY ROOM AND BOARD;EMERGENCY ACCIDENT CARE - PROFESSIONAL;EMERGENCY ACCIDENT EMERGENCY ROOM SERVICES - INSTITUTIONAL;EMERGENCY ACCIDENT OFFICE VISIT - PROFESSIONAL;EMERGENCY MEDICAL CARE - PROFESSIONAL;EMERGENCY MEDICAL CARE EMERGENCY ROOM SERVICES -, INSTITUTIONAL;EMERGENCY MEDICAL OFFICE VISIT - PROFESSIONAL;EMERGENCY ROOM SERVICES (NON-EMERGENCY) - INSTITUTIONAL;MUSCLE MANIPULATION - PROFESSIONAL;OFFICE VISIT - PROFESSIONAL;SPECIAL MEDICAL VISITS - INSTITUTIONAL", "network": true, "service": "30", "facility": null}	569.25	\N	2800.00	1
