1	1	Paul	Draper
2	1	Paul	Draper
3	1	Paul	Draper
4	1	Paul	Draper
5	1	Paul	Draper
6	1	Paul	Draper
7	1	Paul	Draper
8	1	Paul	Draper
9	1	Paul	Draper
10	1	Paul	Draper
11	1	Paul	Draper
12	1	Paul	Draper
13	1	Paul	Draper
14	1	Paul	Draper
15	1	Paul	Draper
16	1	Paul	Draper
17	1	Paul	Draper
18	1	Paul	Draper
19	1	Paul	Draper
20	1	Paul	Draper
21	1	Paul	Draper
22	1	Paul	Draper
23	1	Paul	Draper
24	1	Paul	Draper
25	1	Paul	Draper
26	1	Paul	Draper
27	1	Paul	Draper
28	1	Paul	Draper
29	1	Paul	Draper
30	1	Paul	Draper
31	1	Paul	Draper
32	1	Paul	Draper
33	1	Paul	Draper
34	1	Paul	Draper
35	1	Paul	Draper
36	1	Paul	Draper
37	1	Paul	Draper
38	1	Paul	Draper
39	1	Paul	Draper
40	1	Paul	Draper
41	1	Paul	Draper
42	1	Paul	Draper
43	1	Paul	Draper
44	1	Paul	Draper
45	1	Paul	Draper
46	1	Paul	Draper
47	1	Paul	Draper
48	1	Paul	Draper
49	1	Paul	Draper
50	1	Paul	Draper
51	1	Paul	Draper
52	1	Paul	Draper
53	1	Paul	Draper
54	1	Paul	Draper
55	1	Paul	Draper
56	1	Paul	Draper
57	1	Paul	Draper
58	1	Paul	Draper
59	1	Paul	Draper
60	1	Paul	Draper
61	1	Paul	Draper
62	1	Paul	Draper
63	1	Paul	Draper
64	1	Paul	Draper
65	1	Paul	Draper
66	1	Paul	Draper
67	1	Paul	Draper
68	1	Paul	Draper
69	1	Paul	Draper
70	1	Paul	Draper
71	1	Paul	Draper
72	1	Paul	Draper
73	1	Paul	Draper
74	1	Paul	Draper
75	1	Paul	Draper
76	1	Paul	Draper
77	1	Paul	Draper
78	1	Paul	Draper
79	1	Paul	Draper
80	1	Paul	Draper
81	1	Paul	Draper
82	1	Paul	Draper
83	1	Paul	Draper
84	1	Paul	Draper
85	1	Paul	Draper
86	1	Paul	Draper
87	1	Paul	Draper
88	1	Paul	Draper
89	2	Paul	Draper
90	2	Paul	Draper
91	2	Paul	Draper
92	2	Paul	Draper
93	2	Paul	Draper
94	3	Paul	Draper
95	3	Paul	Draper
96	4	Paul	Draper
97	4	Paul	Draper
98	5	Paul	Draper
99	5	Paul	Draper
100	6	Paul	Draper
101	6	Paul	Draper
102	7	Paul	Draper
103	8	Paul	Draper
104	9	Paul	Draper
105	10	Paul	Draper
106	11	Paul	Draper
107	11	Paul	Draper
108	11	Paul	Draper
109	12	Paul2	Draper2
110	12	Paul2	Draper2
111	12	Paul2	Draper2
112	12	Paul2	Draper2
113	12	Paul2	Draper2
114	12	Paul2	Draper2
115	12	Paul2	Draper2
116	13	Paul2	Draper2
119	13	Paul2	Draper2
