1	payer_contract_view
2	payer_contract_edit
5	payer_claim_view
6	payer_claim_edit
7	patient_view
8	patient_edit
11	patient_eligibility_view
12	patient_eligibility_edit
13	patient_estimate_view
14	patient_estimate_edit
15	practice_benchmark_view
16	practice_benchmark_edit
17	practice_chargemaster_view
18	practice_chargemaster_edit
19	practice_utilization_view
20	practice_utilization_edit
21	practice_provider_view
22	practice_provider_edit
23	practice_file_view
24	practice_file_edit
25	practice_review_view
26	practice_review_edit
29	analytics_top_payers_view
30	analytics_top_payers_export
31	analytics_fee_schedule_evolution_view
32	analytics_fee_schedule_evolution_export
33	analytics_renewals_expirations_view
34	analytics_renewals_expirations_export
37	analytics_contract_terms_view
38	analytics_contract_terms_export
39	analytics_all_codes_view
40	analytics_all_codes_export
41	analytics_top_codes_view
42	analytics_top_codes_export
43	analytics_pricing_optimization_view
44	analytics_pricing_optimization_export
45	analytics_procedure_comparison_view
46	analytics_procedure_comparison_export
47	analytics_denials_view
48	analytics_denials_export
49	analytics_market_score_view
50	analytics_market_score_export
60	workflows_pricing_optimization_edit
62	workflows_modeler_edit
71	settings_user_view
72	settings_user_edit
73	integrations_personal_email_edit
77	payer_payer_view
78	payer_payer_edit
79	patient_payer_crosswalk_view
80	patient_payer_crosswalk_edit
81	practice_cost_view
82	practice_cost_edit
83	practice_integration_view
84	practice_integration_edit
85	work_activity_view
87	settings_account_info_view
88	settings_account_info_edit
89	work_communication_view
90	work_communication_create
91	work_communication_delete
92	analytics_estimates_view
93	analytics_estimates_export
94	analytics_yield_view
95	analytics_yield_export
96	analytics_super_score_view
97	analytics_super_score_export
66	underpayments_edit
35	underpayments_view
36	underpayments_export
98	patient_payment_view
99	patient_payment_edit
100	practice_locations_view
101	practice_locations_edit
102	patient_appointment_view
103	settings_eligibility_view
104	settings_eligibility_edit
105	payment_plan_view
106	payment_plan_edit
